{
    "loss": 12.140754699707031,
    "accuracy": 0.5686274766921997
}